Time (sec.), Cycles, "value_state"
0.000000000, 0, -40036991891230687000.000000000
0.001132140, 113214, -0.747174978
0.012176430, 1217643, -0.747156918
0.022176340, 2217634, -0.747122109
0.032176390, 3217639, -0.747071743
0.042176740, 4217674, -0.747006893
0.052176410, 5217641, -0.746928513
0.062175980, 6217598, -0.746837556
0.072172950, 7217295, -0.746734738
0.082168970, 8216897, -0.746620834
0.092171430, 9217143, -0.746496499
0.102172370, 10217237, -0.746362329
0.112172740, 11217274, -0.746218860
0.122170620, 12217062, -0.746066511
0.132170700, 13217070, -0.745905757
0.142172580, 14217258, -0.745737016
0.152171870, 15217187, -0.745560646
0.162172160, 16217216, -0.745376885
0.172171670, 17217167, -0.745186090
0.182171620, 18217162, -0.744988501
0.192171980, 19217198, -0.744784355
0.202172720, 20217272, -0.744573832
0.212161300, 21216130, -0.744357169
0.222161030, 22216103, -0.744134486
0.232161190, 23216119, -0.743905962
0.242162960, 24216296, -0.743671715
0.252162810, 25216281, -0.743431866
0.262162990, 26216299, -0.743186533
0.272161770, 27216177, -0.742935777
0.282161920, 28216192, -0.742679715
0.292160990, 29216099, -0.742418349
0.302166340, 30216634, -0.742151797
0.312167780, 31216778, -0.741880119
0.322167590, 32216759, -0.741603374
0.332166570, 33216657, -0.741321564
0.342167260, 34216726, -0.741034746
0.352168930, 35216893, -0.740742922
0.362166680, 36216668, -0.740446150
0.372167590, 37216759, -0.740144432
0.382167300, 38216730, -0.739837766
0.392166540, 39216654, -0.739526212
0.402168390, 40216839, -0.739209712
0.412165800, 41216580, -0.738888323
0.422166310, 42216631, -0.738562047
0.432167850, 43216785, -0.738230824
0.442159500, 44215950, -0.737894714
0.452161540, 45216154, -0.737553656
0.462161670, 46216167, -0.737207651
0.472161170, 47216117, -0.736856699
0.482160190, 48216019, -0.736500800
0.492160210, 49216021, -0.736139894
0.502161690, 50216169, -0.735773981
0.512163380, 51216338, -0.735403061
0.522162660, 52216266, -0.735027134
0.532170850, 53217085, -0.734646142
0.542171710, 54217171, -0.734260082
0.552171620, 55217162, -0.733868957
0.562170680, 56217068, -0.733472705
0.572170300, 57217030, -0.733071327
0.582161420, 58216142, -0.732664764
0.592159880, 59215988, -0.732253015
0.602160780, 60216078, -0.731836021
0.612161500, 61216150, -0.731413782
0.622159920, 62215992, -0.730986297
0.632161710, 63216171, -0.730553508
0.642161420, 64216142, -0.730115414
0.652161790, 65216179, -0.729671955
0.662162090, 66216209, -0.729223073
0.672161680, 67216168, -0.728768826
0.682166970, 68216697, -0.728309095
0.692166570, 69216657, -0.727843881
0.702167700, 70216770, -0.727373183
0.712167120, 71216712, -0.726896942
0.722167060, 72216706, -0.726415157
0.732167260, 73216726, -0.725927770
0.742166240, 74216624, -0.725434780
0.752165720, 75216572, -0.724936128
0.762167900, 76216790, -0.724431813
0.772166920, 77216692, -0.723921776
0.782167070, 78216707, -0.723405957
0.792167120, 79216712, -0.722884357
0.802166830, 80216683, -0.722356975
0.812161590, 81216159, -0.721823752
0.822161440, 82216144, -0.721284628
0.832161870, 83216187, -0.720739603
0.842162440, 84216244, -0.720188618
0.852161080, 85216108, -0.719631672
0.862161260, 86216126, -0.719068766
0.872162870, 87216287, -0.718499780
0.882161150, 88216115, -0.717924774
0.892161680, 89216168, -0.717343628
0.902161700, 90216170, -0.716756403
0.912169280, 91216928, -0.716162980
0.922169650, 92216965, -0.715563357
0.932173270, 93217327, -0.714957535
0.942171370, 94217137, -0.714345455
0.952169890, 95216989, -0.713727117
0.962159930, 96215993, -0.713102460
0.972160250, 97216025, -0.712471426
0.982161180, 98216118, -0.711834013
0.992160980, 99216098, -0.711190164
1.002162190, 100216219, -0.710539877
1.012162390, 101216239, -0.709883094
1.022161020, 102216102, -0.709219813
1.032161550, 103216155, -0.708549976
1.042161540, 104216154, -0.707873583
1.052163180, 105216318, -0.707190573
1.062168300, 106216830, -0.706500947
1.072167230, 107216723, -0.705804646
1.082167300, 108216730, -0.705101609
1.092166900, 109216690, -0.704391837
1.102167490, 110216749, -0.703675330
1.112165770, 111216577, -0.702952027
1.122166240, 112216624, -0.702221870
1.132166880, 113216688, -0.701484859
1.142167150, 114216715, -0.700740933
1.152167070, 115216707, -0.699990094
1.162166880, 116216688, -0.699232280
1.172166310, 117216631, -0.698467493
1.182166570, 118216657, -0.697695673
1.192160730, 119216073, -0.696916819
1.202160280, 120216028, -0.696130872
1.212160360, 121216036, -0.695337772
1.222163770, 122216377, -0.694537520
1.232162230, 123216223, -0.693730056
1.242162540, 124216254, -0.692915380
1.252161310, 125216131, -0.692093492
1.262161470, 126216147, -0.691264272
1.272162590, 127216259, -0.690427780
1.282161870, 128216187, -0.689583898
1.292171700, 129217170, -0.688732624
1.302170950, 130217095, -0.687873960
1.312173040, 131217304, -0.687007844
1.322172430, 132217243, -0.686134219
1.332171410, 133217141, -0.685253084
1.342160530, 134216053, -0.684364438
1.352160510, 135216051, -0.683468163
1.362164240, 136216424, -0.682564318
1.372161800, 137216180, -0.681652784
1.382160940, 138216094, -0.680733562
1.392162560, 139216256, -0.679806650
1.402163010, 140216301, -0.678871989
1.412161620, 141216162, -0.677929521
1.422162620, 142216262, -0.676979244
1.432160180, 143216018, -0.676021099
1.442160300, 144216030, -0.675055087
1.452166920, 145216692, -0.674081147
1.462164760, 146216476, -0.673099220
1.472165730, 147216573, -0.672109306
1.482167030, 148216703, -0.671111405
1.492167860, 149216786, -0.670105398
1.502168290, 150216829, -0.669091344
1.512166920, 151216692, -0.668069124
1.522167160, 152216716, -0.667038739
1.532166540, 153216654, -0.666000187
1.542169000, 154216900, -0.664953351
1.552165960, 155216596, -0.663898289
1.562167180, 156216718, -0.662834883
1.572165530, 157216553, -0.661763132
1.582162980, 158216298, -0.660683036
1.592161980, 159216198, -0.659594536
1.602161130, 160216113, -0.658497572
1.612161600, 161216160, -0.657392085
1.622160560, 162216056, -0.656278074
1.632161910, 163216191, -0.655155540
1.642162230, 164216223, -0.654024363
1.652160950, 165216095, -0.652884603
1.662161880, 166216188, -0.651736140
1.672161820, 167216182, -0.650578976
1.682171780, 168217178, -0.649413049
1.692172670, 169217267, -0.648238361
1.702170510, 170217051, -0.647054851
1.712171160, 171217116, -0.645862460
1.722172470, 172217247, -0.644661188
1.732162080, 173216208, -0.643450975
1.742162880, 174216288, -0.642231822
1.752161670, 175216167, -0.641003609
1.762162600, 176216260, -0.639766395
1.772160670, 177216067, -0.638520062
1.782162630, 178216263, -0.637264609
1.792163140, 179216314, -0.635999978
1.802163300, 180216330, -0.634726167
1.812162660, 181216266, -0.633443117
1.822163060, 182216306, -0.632150769
1.832161680, 183216168, -0.630849063
1.842165680, 184216568, -0.629538000
1.852167650, 185216765, -0.628217578
1.862167790, 186216779, -0.626887679
1.872166870, 187216687, -0.625548303
1.882166760, 188216676, -0.624199390
1.892167300, 189216730, -0.622840941
1.902167520, 190216752, -0.621472895
1.912167360, 191216736, -0.620095193
1.922167390, 192216739, -0.618707836
1.932166770, 193216677, -0.617310703
1.942166630, 194216663, -0.615903854
1.952165100, 195216510, -0.614487171
1.962166270, 196216627, -0.613060653
1.972161080, 197216108, -0.611624241
1.982161040, 198216104, -0.610177875
1.992159270, 199215927, -0.608721554
2.002161530, 200216153, -0.607255220
2.012162100, 201216210, -0.605778813
2.022161940, 202216194, -0.604292333
2.032161760, 203216176, -0.602795720
2.042163570, 204216357, -0.601288915
2.052160860, 205216086, -0.599771917
2.062162710, 206216271, -0.598244607
2.072164410, 207216441, -0.596707046
2.082172010, 208217201, -0.595159113
2.092169610, 209216961, -0.593600810
2.102171040, 210217104, -0.592032075
2.112172080, 211217208, -0.590452850
2.122171720, 212217172, -0.588863075
2.132162050, 213216205, -0.587262750
2.142161530, 214216153, -0.585651815
2.152163510, 215216351, -0.584030271
2.162162380, 216216238, -0.582397997
2.172162110, 217216211, -0.580754995
2.182160650, 218216065, -0.579101264
2.192163320, 219216332, -0.577436686
2.202162690, 220216269, -0.575761259
2.212161820, 221216182, -0.574074924
2.222162290, 222216229, -0.572377622
2.232162910, 223216291, -0.570669353
2.242167480, 224216748, -0.568950057
2.252165170, 225216517, -0.567219675
2.262166240, 226216624, -0.565478206
2.272168720, 227216872, -0.563725591
2.282167810, 228216781, -0.561961770
2.292167650, 229216765, -0.560186684
2.302168040, 230216804, -0.558400333
2.312167860, 231216786, -0.556602657
2.322167530, 232216753, -0.554793596
2.332167490, 233216749, -0.552973151
2.342168100, 234216810, -0.551141262
2.352166700, 235216670, -0.549297869
2.362166680, 236216668, -0.547442913
2.372165820, 237216582, -0.545576394
2.382162300, 238216230, -0.543698251
2.392161390, 239216139, -0.541808426
2.402161100, 240216110, -0.539906919
2.412163930, 241216393, -0.537993670
2.422161560, 242216156, -0.536068618
2.432163510, 243216351, -0.534131765
2.442162130, 244216213, -0.532183051
2.452162240, 245216224, -0.530222416
2.462161440, 246216144, -0.528249860
2.472162030, 247216203, -0.526265323
2.482162280, 248216228, -0.524268746
2.492171960, 249217196, -0.522260129
2.502170990, 250217099, -0.520239413
2.512171930, 251217193, -0.518206537
2.522170800, 252217080, -0.516161501
2.532171190, 253217119, -0.514104247
2.542162680, 254216268, -0.512034714
2.552163720, 255216372, -0.509952903
2.562161280, 256216128, -0.507858753
2.572161860, 257216186, -0.505752265
2.582162810, 258216281, -0.503633380
2.592162820, 259216282, -0.501502037
2.602163610, 260216361, -0.499358237
2.612162760, 261216276, -0.497201949
2.622161760, 262216176, -0.495033115
2.632162720, 263216272, -0.492851704
2.642159420, 264215942, -0.490657687
2.652167420, 265216742, -0.488451034
2.662165800, 266216580, -0.486231714
2.672166960, 267216696, -0.483999699
2.682166330, 268216633, -0.481754959
2.692167820, 269216782, -0.479497463
2.702166770, 270216677, -0.477227181
2.712166410, 271216641, -0.474944085
2.722165960, 272216596, -0.472648144
2.732168240, 273216824, -0.470339328
2.742167360, 274216736, -0.468017608
2.752167950, 275216795, -0.465682954
2.762165980, 276216598, -0.463335335
2.772167440, 277216744, -0.460974753
2.782167610, 278216761, -0.458601177
2.792163090, 279216309, -0.456214577
2.802161470, 280216147, -0.453814924
2.812160300, 281216030, -0.451402217
2.822162060, 282216206, -0.448976427
2.832163010, 283216301, -0.446537524
2.842161850, 284216185, -0.444085479
2.852161570, 285216157, -0.441620290
2.862162460, 286216246, -0.439141959
2.872161330, 287216133, -0.436650455
2.882162730, 288216273, -0.434145749
2.892163730, 289216373, -0.431627840
2.902171360, 290217136, -0.429096729
2.912171750, 291217175, -0.426552385
2.922171070, 292217107, -0.423994809
2.932172080, 293217208, -0.421424001
2.942171440, 294217144, -0.418839931
2.952161510, 295216151, -0.416242599
2.962161940, 296216194, -0.413632005
2.972160790, 297216079, -0.411008149
2.982162280, 298216228, -0.408371001
2.992161760, 299216176, -0.405720592
3.002162520, 300216252, -0.403056890
3.012160960, 301216096, -0.400379926
3.022161240, 302216124, -0.397689700
3.032162260, 303216226, -0.394986212
3.042160710, 304216071, -0.392269462
3.052161540, 305216154, -0.389539450
3.062163280, 306216328, -0.386796176
3.072167180, 307216718, -0.384039670
3.082165380, 308216538, -0.381269932
3.092165430, 309216543, -0.378486991
3.102167370, 310216737, -0.375690848
3.112166580, 311216658, -0.372881532
3.122167360, 312216736, -0.370059043
3.132166440, 313216644, -0.367223412
3.142166880, 314216688, -0.364374638
3.152167240, 315216724, -0.361512780
3.162166910, 316216691, -0.358637840
3.172168060, 317216806, -0.355749846
3.182164640, 318216464, -0.352848828
3.192165040, 319216504, -0.349934816
3.202166960, 320216696, -0.347007841
3.212160110, 321216011, -0.344067931
3.222162070, 322216207, -0.341115117
3.232162130, 323216213, -0.338149458
3.242162370, 324216237, -0.335170984
3.252161600, 325216160, -0.332179725
3.262162400, 326216240, -0.329175740
3.272161500, 327216150, -0.326159060
3.282162940, 328216294, -0.323129714
3.292162390, 329216239, -0.320087790
3.302161470, 330216147, -0.317033321
3.312161660, 331216166, -0.313966364
3.322162540, 332216254, -0.310886949
3.332172180, 333217218, -0.307795167
3.342171600, 334217160, -0.304691076
3.352170810, 335217081, -0.301574707
3.362172920, 336217292, -0.298446149
3.372171310, 337217131, -0.295305461
3.382163380, 338216338, -0.292152703
3.392163060, 339216306, -0.288987964
3.402163010, 340216301, -0.285811305
3.412162650, 341216265, -0.282622784
3.422162620, 342216262, -0.279422492
3.432162390, 343216239, -0.276210517
3.442162050, 344216205, -0.272986919
3.452162750, 345216275, -0.269751787
3.462162340, 346216234, -0.266505212
3.472161960, 347216196, -0.263247281
3.482161130, 348216113, -0.259978086
3.492165770, 349216577, -0.256697714
3.502166870, 350216687, -0.253406256
3.512165330, 351216533, -0.250103831
3.522168290, 352216829, -0.246790498
3.532168490, 353216849, -0.243466377
3.542167640, 354216764, -0.240131572
3.552167740, 355216774, -0.236786202
3.562167230, 356216723, -0.233430356
3.572167530, 357216753, -0.230064154
3.582166340, 358216634, -0.226687700
3.592167410, 359216741, -0.223301113
3.602168300, 360216830, -0.219904497
3.612165800, 361216580, -0.216497988
3.622165550, 362216555, -0.213081688
3.632166700, 363216670, -0.209655732
3.642160650, 364216065, -0.206220254
3.652162180, 365216218, -0.202775374
3.662160990, 366216099, -0.199321210
3.672162490, 367216249, -0.195857897
3.682163980, 368216398, -0.192385584
3.692162040, 369216204, -0.188904390
3.702163520, 370216352, -0.185414463
3.712161370, 371216137, -0.181915939
3.722162920, 372216292, -0.178408951
3.732161390, 373216139, -0.174893662
3.742163200, 374216320, -0.171370208
3.752162690, 375216269, -0.167838722
3.762171800, 376217180, -0.164299369
3.772171980, 377217198, -0.160752296
3.782171760, 378217176, -0.157197669
3.792171520, 379217152, -0.153635621
3.802171610, 380217161, -0.150066331
3.812161890, 381216189, -0.146489948
3.822162020, 382216202, -0.142906621
3.832163280, 383216328, -0.139316529
3.842163120, 384216312, -0.135719821
3.852162710, 385216271, -0.132116675
3.862160570, 386216057, -0.128507257
3.872161600, 387216160, -0.124891728
3.882161660, 388216166, -0.121270269
3.892161430, 389216143, -0.117643043
3.902162610, 390216261, -0.114010222
3.912161440, 391216144, -0.110371985
3.922160230, 392216023, -0.106728509
3.932166240, 393216624, -0.103079967
3.942165290, 394216529, -0.099426538
3.952167530, 395216753, -0.095768407
3.962167590, 396216759, -0.092105746
3.972167590, 397216759, -0.088438742
3.982167750, 398216775, -0.084767580
3.992167930, 399216793, -0.081092440
4.002168260, 400216826, -0.077413507
4.012166510, 401216651, -0.073730975
4.022168380, 402216838, -0.070045024
4.032168810, 403216881, -0.066355839
4.042167610, 404216761, -0.062663615
4.052165330, 405216533, -0.058968537
4.062166560, 406216656, -0.055270795
4.072166420, 407216642, -0.051570579
4.082161970, 408216197, -0.047868080
4.092161890, 409216189, -0.044163492
4.102161770, 410216177, -0.040457007
4.112162510, 411216251, -0.036748815
4.122162660, 412216266, -0.033039112
4.132162520, 413216252, -0.029328091
4.142162930, 414216293, -0.025615945
4.152160720, 415216072, -0.021902867
4.162162310, 416216231, -0.018189050
4.172161340, 417216134, -0.014474691
4.182162450, 418216245, -0.010759982
4.192161850, 419216185, -0.007045118
4.202171450, 420217145, -0.003330292
4.212173740, 421217374, 0.000384302
4.222172690, 422217269, 0.004098470
4.232171980, 423217198, 0.007812019
4.242173450, 424217345, 0.011524756
4.252163120, 425216312, 0.015236487
4.262162940, 426216294, 0.018947020
4.272162700, 427216270, 0.022656163
4.282163580, 428216358, 0.026363725
4.292161940, 429216194, 0.030069513
4.302162690, 430216269, 0.033773340
4.312162370, 431216237, 0.037475012
4.322163710, 432216371, 0.041174345
4.332162880, 433216288, 0.044871144
4.342162490, 434216249, 0.048565228
4.352161620, 435216162, 0.052256405
4.362161030, 436216103, 0.055944491
4.372165150, 437216515, 0.059629302
4.382165730, 438216573, 0.063310653
4.392166850, 439216685, 0.066988356
4.402167610, 440216761, 0.070662238
4.412167020, 441216702, 0.074332111
4.422168130, 442216813, 0.077997804
4.432167590, 443216759, 0.081659131
4.442166040, 444216604, 0.085315913
4.452167070, 445216707, 0.088967979
4.462167920, 446216792, 0.092615157
4.472166290, 447216629, 0.096257269
4.482166720, 448216672, 0.099894144
4.492167590, 449216759, 0.103525609
4.502165720, 450216572, 0.107151501
4.512167990, 451216799, 0.110771649
4.522166290, 452216629, 0.114385888
4.532161530, 453216153, 0.117994048
4.542162730, 454216273, 0.121595971
4.552160520, 455216052, 0.125191495
4.562162680, 456216268, 0.128780469
4.572162400, 457216240, 0.132362723
4.582163290, 458216329, 0.135938108
4.592162200, 459216220, 0.139506459
4.602162280, 460216228, 0.143067643
4.612161920, 461216192, 0.146621495
4.622162120, 462216212, 0.150167868
4.632163840, 463216384, 0.153706610
4.642162240, 464216224, 0.157237589
4.652171840, 465217184, 0.160760656
4.662171600, 466217160, 0.164275661
4.672171860, 467217186, 0.167782471
4.682170690, 468217069, 0.171280950
4.692173270, 469217327, 0.174770966
4.702162120, 470216212, 0.178252384
4.712163550, 471216355, 0.181725070
4.722162400, 472216240, 0.185188890
4.732163950, 473216395, 0.188643724
4.742162760, 474216276, 0.192089438
4.752162980, 475216298, 0.195525914
4.762162000, 476216200, 0.198953032
4.772162870, 477216287, 0.202370673
4.782162150, 478216215, 0.205778718
4.792162060, 479216206, 0.209177062
4.802161970, 480216197, 0.212565586
4.812160830, 481216083, 0.215944171
4.822161950, 482216195, 0.219312713
4.832168070, 483216807, 0.222671106
4.842166550, 484216655, 0.226019248
4.852166270, 485216627, 0.229357034
4.862167770, 486216777, 0.232684374
4.872167380, 487216738, 0.236001164
4.882168490, 488216849, 0.239307299
4.892168110, 489216811, 0.242602691
4.902166330, 490216633, 0.245887250
4.912167010, 491216701, 0.249160886
4.922167280, 492216728, 0.252423495
4.932166280, 493216628, 0.255675018
4.942167920, 494216792, 0.258915365
4.952167050, 495216705, 0.262144446
4.962166920, 496216692, 0.265362203
4.972166150, 497216615, 0.268568516
4.982166390, 498216639, 0.271763355
4.992162020, 499216202, 0.274946630
5.002162230, 500216223, 0.278118253
5.012162250, 501216225, 0.281278193
5.022162070, 502216207, 0.284426361
5.032162860, 503216286, 0.287562668
5.042162430, 504216243, 0.290687084
5.052162350, 505216235, 0.293799549
5.062162500, 506216250, 0.296899974
5.072161900, 507216190, 0.299988329
5.082163080, 508216308, 0.303064555
5.092162000, 509216200, 0.306128591
5.102161720, 510216172, 0.309180379
5.112170320, 511217032, 0.312219888
5.122173880, 512217388, 0.315247059
5.132172500, 513217250, 0.318261862
5.142171390, 514217139, 0.321264237
5.152172900, 515217290, 0.324254125
5.162172250, 516217225, 0.327231526
5.172164140, 517216414, 0.330196381
5.182162490, 518216249, 0.333148658
5.192163180, 519216318, 0.336088300
5.202161160, 520216116, 0.339015305
5.212162620, 521216262, 0.341929615
5.222163020, 522216302, 0.344831198
5.232162260, 523216226, 0.347720057
5.242161820, 524216182, 0.350596130
5.252162160, 525216216, 0.353459418
5.262161130, 526216113, 0.356309891
5.272162110, 527216211, 0.359147519
5.282162750, 528216275, 0.361972302
5.292160340, 529216034, 0.364784181
5.302164050, 530216405, 0.367583185
5.312165010, 531216501, 0.370369256
5.322166120, 532216612, 0.373142421
5.332167980, 533216798, 0.375902623
5.342167020, 534216702, 0.378649890
5.352167280, 535216728, 0.381384194
5.362167760, 536216776, 0.384105504
5.372166800, 537216680, 0.386813849
5.382168060, 538216806, 0.389509201
5.392168060, 539216806, 0.392191559
5.402167120, 540216712, 0.394860923
5.412166100, 541216610, 0.397517294
5.422166450, 542216645, 0.400160640
5.432166310, 543216631, 0.402790993
5.442166940, 544216694, 0.405408353
5.452165140, 545216514, 0.408012718
5.462161760, 546216176, 0.410604089
5.472162260, 547216226, 0.413182467
5.482161060, 548216106, 0.415747851
5.492162310, 549216231, 0.418300271
5.502162520, 550216252, 0.420839727
5.512164100, 551216410, 0.423366219
5.522162210, 552216221, 0.425879747
5.532162670, 553216267, 0.428380340
5.542163660, 554216366, 0.430868000
5.552161900, 555216190, 0.433342755
5.562161290, 556216129, 0.435804605
5.572162310, 557216231, 0.438253552
5.582162280, 558216228, 0.440689623
5.592171070, 559217107, 0.443112850
5.602172780, 560217278, 0.445523232
5.612170880, 561217088, 0.447920769
5.622171490, 562217149, 0.450305521
5.632172370, 563217237, 0.452677488
5.642162950, 564216295, 0.455036670
5.652163540, 565216354, 0.457383126
5.662162520, 566216252, 0.459716856
5.672162090, 567216209, 0.462037891
5.682162040, 568216204, 0.464346230
5.692161220, 569216122, 0.466641933
5.702162820, 570216282, 0.468924999
5.712161830, 571216183, 0.471195459
5.722160440, 572216044, 0.473453343
5.732161490, 573216149, 0.475698650
5.742161060, 574216106, 0.477931440
5.752162590, 575216259, 0.480151743
5.762162720, 576216272, 0.482359558
5.772166380, 577216638, 0.484554946
5.782165870, 578216587, 0.486737907
5.792167260, 579216726, 0.488908499
5.802168060, 580216806, 0.491066724
5.812168410, 581216841, 0.493212640
5.822166830, 582216683, 0.495346248
5.832167760, 583216776, 0.497467607
5.842168380, 584216838, 0.499576718
5.852166290, 585216629, 0.501673639
5.862169060, 586216906, 0.503758371
5.872166920, 587216692, 0.505831003
5.882167240, 588216724, 0.507891536
5.892168350, 589216835, 0.509939969
5.902169020, 590216902, 0.511976421
5.912165650, 591216565, 0.514000833
5.922167930, 592216793, 0.516013324
5.932167490, 593216749, 0.518013895
5.942162550, 594216255, 0.520002544
5.952162590, 595216259, 0.521979332
5.962162060, 596216206, 0.523944318
5.972162700, 597216270, 0.525897503
5.982164170, 598216417, 0.527838945
5.992162080, 599216208, 0.529768705
6.002161150, 600216115, 0.531686783
6.012161360, 601216136, 0.533593237
6.022162480, 602216248, 0.535488069
6.032161530, 603216153, 0.537371337
6.042160710, 604216071, 0.539243102
6.052162910, 605216291, 0.541103363
6.062161840, 606216184, 0.542952180
6.072170620, 607217062, 0.544789612
6.082171730, 608217173, 0.546615660
6.092172140, 609217214, 0.548430383
6.102170410, 610217041, 0.550233781
6.112171810, 611217181, 0.552025914
6.122171290, 612217129, 0.553806841
6.132162210, 613216221, 0.555576622
6.142162250, 614216225, 0.557335258
6.152160420, 615216042, 0.559082806
6.162161720, 616216172, 0.560819268
6.172161080, 617216108, 0.562544703
6.182162240, 618216224, 0.564259171
6.192162860, 619216286, 0.565962732
6.202161200, 620216120, 0.567655385
6.212161580, 621216158, 0.569337189
6.222161410, 622216141, 0.571008146
6.232161860, 623216186, 0.572668314
6.242162160, 624216216, 0.574317753
6.252160320, 625216032, 0.575956523
6.262165960, 626216596, 0.577584624
6.272165490, 627216549, 0.579202116
6.282167040, 628216704, 0.580808997
6.292168080, 629216808, 0.582405329
6.302167760, 630216776, 0.583991170
6.312166780, 631216678, 0.585566580
6.322167430, 632216743, 0.587131560
6.332168440, 633216844, 0.588686168
6.342165620, 634216562, 0.590230405
6.352166760, 635216676, 0.591764390
6.362167060, 636216706, 0.593288124
6.372166480, 637216648, 0.594801605
6.382168040, 638216804, 0.596304893
6.392165620, 639216562, 0.597798049
6.402165340, 640216534, 0.599281132
6.412166520, 641216652, 0.600754142
6.422167670, 642216767, 0.602217138
6.432161270, 643216127, 0.603670180
6.442161970, 644216197, 0.605113268
6.452161500, 645216150, 0.606546462
6.462160910, 646216091, 0.607969820
6.472163350, 647216335, 0.609383345
6.482162080, 648216208, 0.610787094
6.492161500, 649216150, 0.612181127
6.502161940, 650216194, 0.613565445
6.512159990, 651215999, 0.614940107
6.522163290, 652216329, 0.616305172
6.532160830, 653216083, 0.617660642
6.542161240, 654216124, 0.619006574
6.552160900, 655216090, 0.620343029
6.562163000, 656216300, 0.621670008
6.572171800, 657217180, 0.622987568
6.582171750, 658217175, 0.624295771
6.592172230, 659217223, 0.625594616
6.602169900, 660216990, 0.626884162
6.612171730, 661217173, 0.628164411
6.622171870, 662217187, 0.629435480
6.632163030, 663216303, 0.630697310
6.642161920, 664216192, 0.631950021
6.652160950, 665216095, 0.633193612
6.662162170, 666216217, 0.634428144
6.672161940, 667216194, 0.635653675
6.682160700, 668216070, 0.636870205
6.692160640, 669216064, 0.638077796
6.702160890, 670216089, 0.639276445
6.712161110, 671216111, 0.640466213
6.722161120, 672216112, 0.641647160
6.732161000, 673216100, 0.642819285
6.742162790, 674216279, 0.643982649
6.752160790, 675216079, 0.645137310
6.762164500, 676216450, 0.646283329
6.772165270, 677216527, 0.647420704
6.782165530, 678216553, 0.648549438
6.792166930, 679216693, 0.649669588
6.802167640, 680216764, 0.650781214
6.812165430, 681216543, 0.651884377
6.822167080, 682216708, 0.652979076
6.832168000, 683216800, 0.654065371
6.842165300, 684216530, 0.655143261
6.852167710, 685216771, 0.656212807
6.862167670, 686216767, 0.657274067
6.872168050, 687216805, 0.658327043
6.882167620, 688216762, 0.659371793
6.892166210, 689216621, 0.660408378
6.902165210, 690216521, 0.661436796
6.912165780, 691216578, 0.662457108
6.922167890, 692216789, 0.663469374
6.932166550, 693216655, 0.664473593
6.942162580, 694216258, 0.665469825
6.952161500, 695216150, 0.666458070
6.962160730, 696216073, 0.667438388
6.972161380, 697216138, 0.668410838
6.982161730, 698216173, 0.669375420
6.992161470, 699216147, 0.670332193
7.002162790, 700216279, 0.671281159
7.012161660, 701216166, 0.672222435
7.022163390, 702216339, 0.673155963
7.032161020, 703216102, 0.674081862
7.042161770, 704216177, 0.675000131
7.052160740, 705216074, 0.675910830
7.062161650, 706216165, 0.676813960
7.072162320, 707216232, 0.677709579
7.082172960, 708217296, 0.678597689
7.092171060, 709217106, 0.679478347
7.102172550, 710217255, 0.680351615
7.112170790, 711217079, 0.681217551
7.122171970, 712217197, 0.682076156
7.132171860, 713217186, 0.682927430
7.142162120, 714216212, 0.683771491
7.152162490, 715216249, 0.684608340
7.162161900, 716216190, 0.685437977
7.172160890, 717216089, 0.686260462
7.182161180, 718216118, 0.687075853
7.192162000, 719216200, 0.687884212
7.202162800, 720216280, 0.688685536
7.212160210, 721216021, 0.689479828
7.222162010, 722216201, 0.690267205
7.232162460, 723216246, 0.691047609
7.242161770, 724216177, 0.691821158
7.252160660, 725216066, 0.692587852
7.262161860, 726216186, 0.693347752
7.272162010, 727216201, 0.694100916
7.282166330, 728216633, 0.694847345
7.292167200, 729216720, 0.695587039
7.302164560, 730216456, 0.696320117
7.312167670, 731216767, 0.697046578
7.322166630, 732216663, 0.697766423
7.332167490, 733216749, 0.698479772
7.342166780, 734216678, 0.699186563
7.352167790, 735216779, 0.699886918
7.362166410, 736216641, 0.700580835
7.372167050, 737216705, 0.701268375
7.382166640, 738216664, 0.701949537
7.392166850, 739216685, 0.702624440
7.402166550, 740216655, 0.703293025
7.412167540, 741216754, 0.703955412
7.422166730, 742216673, 0.704611599
7.432166170, 743216617, 0.705261588
7.442166250, 744216625, 0.705905497
7.452161820, 745216182, 0.706543326
7.462163150, 746216315, 0.707175076
7.472161400, 747216140, 0.707800865
7.482161860, 748216186, 0.708420634
7.492161770, 749216177, 0.709034503
7.502162850, 750216285, 0.709642470
7.512162400, 751216240, 0.710244596
7.522162440, 752216244, 0.710840940
7.532161150, 753216115, 0.711431503
7.542160900, 754216090, 0.712016344
7.552162360, 755216236, 0.712595463
7.562162200, 756216220, 0.713168919
7.572160630, 757216063, 0.713736773
7.582161140, 758216114, 0.714299023
7.592160800, 759216080, 0.714855790
7.602169770, 760216977, 0.715407014
7.612170840, 761217084, 0.715952814
7.622172780, 762217278, 0.716493189
7.632170950, 763217095, 0.717028201
7.642171200, 764217120, 0.717557847
7.652172130, 765217213, 0.718082190
7.662160870, 766216087, 0.718601286
7.672161140, 767216114, 0.719115138
7.682162760, 768216276, 0.719623804
7.692162410, 769216241, 0.720127344
7.702162050, 770216205, 0.720625818
7.712161670, 771216167, 0.721119225
7.722161830, 772216183, 0.721607625
7.732160290, 773216029, 0.722091019
7.742160180, 774216018, 0.722569466
7.752163560, 775216356, 0.723043025
7.762162460, 776216246, 0.723511696
7.772161410, 777216141, 0.723975539
7.782161120, 778216112, 0.724434614
7.792162090, 779216209, 0.724888980
7.802160480, 780216048, 0.725338638
7.812165880, 781216588, 0.725783646
7.822165710, 782216571, 0.726224005
7.832166340, 783216634, 0.726659775
7.842168010, 784216801, 0.727091014
7.852166500, 785216650, 0.727517724
7.862167790, 786216779, 0.727939963
7.872168490, 787216849, 0.728357792
7.882167150, 788216715, 0.728771269
7.892167040, 789216704, 0.729180396
7.902168530, 790216853, 0.729585230
7.912166860, 791216686, 0.729985774
7.922166160, 792216616, 0.730382085
7.932167680, 793216768, 0.730774224
7.942166770, 794216677, 0.731162190
7.952166640, 795216664, 0.731546044
7.962168150, 796216815, 0.731925845
7.972168160, 797216816, 0.732301593
7.982167680, 798216768, 0.732673347
7.992162710, 799216271, 0.733041167
8.002161450, 800216145, 0.733405054
8.012160850, 801216085, 0.733765066
8.022160940, 802216094, 0.734121263
8.032161520, 803216152, 0.734473646
8.042161350, 804216135, 0.734822273
8.052161460, 805216146, 0.735167205
8.062162170, 806216217, 0.735508442
8.072160690, 807216069, 0.735845983
8.082162160, 808216216, 0.736179948
8.092161160, 809216116, 0.736510336
8.102161890, 810216189, 0.736837208
8.112161280, 811216128, 0.737160563
8.122162200, 812216220, 0.737480462
8.132160630, 813216063, 0.737796903
8.142171720, 814217172, 0.738109946
8.152171360, 815217136, 0.738419652
8.162170740, 816217074, 0.738726020
8.172172500, 817217250, 0.739029109
8.182171220, 818217122, 0.739328980
8.192169340, 819216934, 0.739625633
8.202173960, 820217396, 0.739919066
8.212170920, 821217092, 0.740209341
8.222171490, 822217149, 0.740496516
8.232170070, 823217007, 0.740780652
8.242172020, 824217202, 0.741061747
8.252172300, 825217230, 0.741339803
8.262171280, 826217128, 0.741614878
8.272170810, 827217081, 0.741887033
8.282170810, 828217081, 0.742156267
8.292171310, 829217131, 0.742422640
8.302171280, 830217128, 0.742686152
8.312169310, 831216931, 0.742946863
8.322171210, 832217121, 0.743204772
8.332171320, 833217132, 0.743459940
8.342168460, 834216846, 0.743712425
8.352176670, 835217667, 0.743962228
8.362176530, 836217653, 0.744209349
8.372174750, 837217475, 0.744453847
8.382176650, 838217665, 0.744695783
8.392175530, 839217553, 0.744935155
8.402177480, 840217748, 0.745171964
8.412174410, 841217441, 0.745406270
8.422177200, 842217720, 0.745638132
8.432175530, 843217553, 0.745867550
